Term,Line 1,Line 2,Line 3,Line 4,Line 5,Line 6,Line 7,Line 8,Line 9,Line 10,Line 11,Line 12,Line 13,Line 14,Line 15,Line 16,Line 17,Line 18,Line 19,Line 20
museo,0,0,0,0,0,0,0,0,0,0,0,0,0,0,0,0,0,0,0,0
del,0,0,0,0,0,0,0,0,0,0,0,0,0,0,0,0,0,0,1,0
prado,0,0,0,0,0,0,0,0,0,0,0,0,0,0,0,0,0,0,0,0
el,0,0,0,0,0,0,0,0,0,0,0,0,0,0,0,0,0,0,0,0
es,0,0,0,0,0,0,0,0,0,0,0,0,0,0,0,0,0,0,0,0
uno,0,0,0,0,0,0,0,0,0,0,0,0,0,0,0,0,0,0,0,0
de,1,0,1,1,0,0,1,1,1,0,1,1,0,0,1,1,1,1,0,1
los,0,0,0,1,0,0,0,0,0,0,0,0,0,0,0,0,0,0,0,0
museos,0,0,0,0,0,0,0,1,0,0,0,0,0,0,0,0,0,0,0,0
más,0,0,0,0,0,0,0,0,0,0,0,0,0,0,0,0,0,0,0,0
famosos,0,0,0,0,0,0,0,0,0,0,1,0,0,0,0,0,0,0,0,0
mundo,0,0,0,0,0,0,0,0,0,0,0,0,0,0,0,0,0,0,0,0
y,0,0,0,0,0,0,0,0,0,0,1,1,0,1,1,1,1,1,1,0
un,0,0,0,0,0,0,0,0,0,0,0,0,0,0,0,0,0,0,0,0
destino,0,0,0,0,0,0,0,0,0,0,0,0,0,0,0,0,0,0,0,0
imprescindible,0,0,0,0,0,0,0,0,0,0,0,0,0,0,0,0,0,0,0,0
para,0,0,0,0,0,0,0,0,0,0,0,0,0,0,0,0,0,0,0,0
amantes,0,0,0,0,0,0,0,0,0,0,0,0,0,0,0,0,0,0,0,0
arte,0,0,0,0,0,0,0,1,0,0,0,0,0,0,1,0,0,0,0,0
que,0,0,0,0,0,0,0,0,0,0,0,0,0,0,0,0,0,0,0,0
visitan,0,0,0,0,0,0,0,0,0,0,0,0,0,0,0,0,0,0,0,0
madrid,0,0,0,0,0,0,0,0,0,0,0,0,0,0,0,0,0,0,0,0
alberga,0,0,0,0,0,0,0,0,0,0,0,0,0,0,0,0,0,0,0,0
una,0,0,0,0,0,0,0,0,0,0,0,0,0,0,0,0,0,0,0,0
impresionante,0,0,0,0,0,0,0,0,0,0,0,0,0,0,0,0,0,0,0,0
colección,0,0,0,0,0,0,0,0,0,0,0,0,0,0,0,0,0,0,0,0
obras,0,0,0,0,0,0,0,0,0,0,0,0,0,0,0,0,0,0,0,0
velázquez,0,0,0,0,0,0,0,0,0,0,0,0,0,0,0,0,0,0,0,0
goya,0,0,0,0,0,0,0,0,0,0,0,0,0,0,0,0,0,0,0,0
greco,0,0,0,0,0,0,0,0,0,0,0,0,0,0,0,0,0,0,0,0
otros,0,0,0,0,0,0,0,0,0,0,0,0,0,0,0,0,0,0,0,0
maestros,0,0,0,0,0,0,0,0,0,0,0,0,0,0,0,0,0,0,0,0
europeos,0,0,0,0,0,0,0,0,0,0,0,0,0,0,0,0,0,0,0,0
gastronomía,0,0,0,0,1,0,0,0,0,0,0,0,0,0,0,0,0,0,0,0
madrileña,0,0,0,0,0,0,0,0,0,0,0,0,0,0,0,0,0,0,0,0
famosa,0,0,0,0,0,0,0,0,0,0,0,0,0,0,0,0,0,0,0,0
por,0,0,0,0,0,0,0,0,0,0,0,0,0,0,0,0,0,0,0,0
su,0,0,0,0,0,0,0,0,0,0,0,0,0,0,0,0,0,0,0,0
vibrante,0,0,0,0,0,0,0,0,0,0,0,0,0,0,0,0,0,0,0,0
escena,0,0,0,0,0,0,0,0,0,0,0,0,0,0,0,0,0,0,0,0
gastronómica,0,0,0,0,0,0,0,0,0,0,0,0,0,0,0,0,0,0,0,0
incluye,0,0,0,0,0,0,0,0,0,0,0,0,0,0,0,0,0,0,0,0
desde,0,0,0,0,0,0,0,0,0,0,0,0,0,0,0,0,0,0,0,0
tapas,0,0,0,0,0,0,0,0,0,0,0,0,0,0,0,0,0,0,0,0
en,0,1,1,1,1,1,1,1,1,1,1,0,1,1,1,1,1,1,0,1
pequeños,0,0,0,0,0,0,0,0,0,0,0,0,0,0,0,0,0,0,0,0
bares,0,0,0,0,0,0,0,0,0,0,0,0,0,0,0,0,0,0,0,0
hasta,0,0,0,0,0,0,0,0,0,0,0,0,0,0,0,0,0,0,0,0
restaurantes,0,0,0,0,0,0,0,0,0,0,0,0,0,0,0,0,0,0,0,0
alta,0,0,0,0,0,0,0,0,0,0,0,0,0,0,0,0,0,0,0,0
cocina,0,0,0,0,0,0,0,0,0,0,0,0,0,0,0,0,0,0,0,0
platos,0,0,0,0,0,0,0,0,0,0,0,0,0,0,0,0,0,0,0,0
típicos,0,0,0,0,0,0,0,0,0,0,0,0,0,0,0,0,0,0,0,0
como,0,0,0,0,0,0,0,0,0,0,0,0,0,0,0,0,0,0,0,0
cocido,0,0,0,0,0,0,0,0,0,0,0,0,0,0,0,0,0,0,0,0
madrileño,0,0,0,0,0,0,0,0,0,0,0,0,0,0,0,0,0,0,0,0
las,1,0,0,1,0,0,0,0,0,0,0,0,0,0,0,0,0,0,0,0
patatas,0,0,0,0,0,0,0,0,0,0,0,0,0,0,0,0,0,0,0,0
bravas,0,0,0,0,0,0,0,0,0,0,0,0,0,0,0,0,0,0,0,0
son,0,0,0,0,0,0,0,0,0,0,0,0,0,0,0,0,0,0,0,0
esenciales,0,0,0,0,0,0,0,0,0,0,0,0,0,0,0,0,0,0,0,0
cualquier,0,0,0,0,0,0,0,0,0,0,0,0,0,0,0,0,0,0,0,0
visitante,0,0,0,0,0,0,0,0,0,0,0,0,0,0,0,0,0,0,0,0
palacio,0,0,0,0,0,0,0,0,0,0,0,0,0,0,0,0,0,0,0,0
real,0,0,0,0,0,0,0,0,0,0,0,0,0,0,0,0,0,0,0,0
residencias,0,0,0,0,0,0,0,0,0,0,0,0,0,0,0,0,0,0,0,0
oficiales,0,0,0,0,0,0,0,0,0,0,0,0,0,0,0,0,0,0,0,0
la,0,0,2,0,0,0,0,0,1,0,0,0,0,0,0,0,2,0,1,2
familia,0,0,0,0,0,0,0,0,0,0,0,0,0,0,0,0,0,0,0,0
española,0,0,0,0,0,0,0,0,0,0,0,0,0,0,0,0,0,0,0,0
aunque,0,0,0,0,0,0,0,0,0,0,0,0,0,0,0,0,0,0,0,0
ahora,0,0,0,0,0,0,0,0,0,0,0,0,0,0,0,0,0,0,0,0
se,0,0,0,0,0,0,0,0,0,0,0,0,0,0,0,0,0,0,0,0
usa,0,0,0,0,0,0,0,0,0,0,0,0,0,0,0,0,0,0,0,0
principalmente,0,0,0,0,0,0,0,0,0,0,0,0,0,0,0,0,0,0,0,0
ceremonias,0,0,0,0,0,0,0,0,0,0,0,0,0,0,0,0,0,0,0,0
estado,0,0,0,0,0,0,0,0,0,0,0,0,0,0,0,0,0,0,0,0
con,0,0,0,0,0,0,0,0,0,0,0,0,0,0,0,0,0,0,0,0
habitaciones,0,0,0,0,0,0,0,0,0,0,0,0,0,0,0,0,0,0,0,0
mas,0,0,0,0,0,0,0,0,0,0,0,0,0,0,0,0,0,0,0,0
grande,0,0,0,0,0,0,0,0,0,0,0,0,0,0,0,0,0,0,0,0
europa,0,1,0,0,0,1,0,1,0,0,1,0,0,1,0,0,0,0,0,0
occidental,0,0,0,0,0,0,0,0,0,0,0,0,0,0,0,0,0,0,0,0
testimonio,0,0,0,0,0,0,0,0,0,0,0,0,0,0,0,0,0,0,0,0
esplendor,0,0,0,0,0,0,0,0,0,0,0,0,0,0,0,0,0,0,0,0
historia,1,0,0,0,0,0,0,0,0,0,0,0,0,0,0,0,0,0,0,0
españa,0,0,0,0,0,0,0,0,0,0,0,0,0,0,0,0,0,0,0,0
capital,0,0,0,0,0,0,0,0,0,0,0,0,0,0,0,0,0,0,0,0
tiene,0,0,0,0,0,0,0,0,0,0,0,0,0,0,0,0,0,0,0,0
rica,0,0,0,0,0,0,0,0,0,0,0,0,0,0,0,0,0,0,0,0
remonta,0,0,0,0,0,0,0,0,0,0,0,0,0,0,0,0,0,0,0,0
al,0,0,0,0,0,0,0,0,0,0,0,0,0,0,0,0,0,0,0,0
siglo,0,0,0,0,0,0,0,0,0,0,0,0,0,0,0,0,0,0,0,0
ix,0,0,0,0,0,0,0,0,0,0,0,0,0,0,0,0,0,0,0,0
ciudad,0,0,0,0,0,0,0,0,0,0,0,0,0,0,0,0,0,0,0,0
fue,0,0,0,0,0,0,0,0,0,0,0,0,0,0,0,0,0,0,0,0
fundada,0,0,0,0,0,0,0,0,0,0,0,0,0,0,0,0,0,0,0,0
musulmanes,0,0,0,0,0,0,0,0,0,0,0,0,0,0,0,0,0,0,0,0
nombre,0,0,0,0,0,0,0,0,0,0,0,0,0,0,0,0,0,0,0,0
proviene,0,0,0,0,0,0,0,0,0,0,0,0,0,0,0,0,0,0,0,0
arabe,0,0,0,0,0,0,0,0,0,0,0,0,0,0,0,0,0,0,0,0
majrit,0,0,0,0,0,0,0,0,0,0,0,0,0,0,0,0,0,0,0,0
significa,0,0,0,0,0,0,0,0,0,0,0,0,0,0,0,0,0,0,0,0
fuente,0,0,0,0,0,0,0,0,0,0,0,0,0,0,0,0,0,0,0,0
agua,0,0,0,0,0,0,0,0,0,0,0,0,0,0,0,0,0,0,0,0
a,0,0,0,0,0,0,0,0,0,0,0,0,0,0,0,0,0,0,0,0
lo,0,0,0,0,0,0,0,0,0,0,0,0,0,0,0,0,0,0,0,0
largo,0,0,0,0,0,0,0,0,0,0,0,0,0,0,0,0,0,0,0,0
siglos,0,0,0,0,0,0,0,0,0,0,0,0,0,0,0,0,0,0,0,0
ha,0,0,0,0,0,0,0,0,0,0,0,0,0,0,0,0,0,0,0,0
convertido,0,0,0,0,0,0,0,0,0,0,0,0,0,0,0,0,0,0,0,0
centro,0,0,0,0,0,0,0,0,0,0,0,0,0,0,0,0,0,0,0,0
político,0,0,0,0,0,0,0,0,0,0,0,0,0,0,0,0,0,0,0,0
económico,0,0,0,0,0,0,0,0,0,0,0,0,0,0,0,0,0,0,0,0
cultural,0,0,0,0,0,0,0,0,0,0,0,0,0,0,0,0,0,0,0,0
parque,0,0,0,0,0,0,0,0,0,0,0,0,0,0,0,0,0,0,0,0
retiro,0,0,0,0,0,0,0,0,0,0,0,0,0,0,0,0,0,0,0,0
pulmón,0,0,0,0,0,0,0,0,0,0,0,0,0,0,0,0,0,0,0,0
verde,0,0,0,0,0,0,0,0,0,0,0,0,0,0,0,0,0,0,0,0
antiguamente,0,0,0,0,0,0,0,0,0,0,0,0,0,0,0,0,0,0,0,0
perteneciente,0,0,0,0,0,0,0,0,0,0,0,0,0,0,0,0,0,0,0,0
monarquía,0,0,0,0,0,0,0,0,0,0,0,0,0,0,0,0,0,0,0,0
este,0,0,0,0,0,0,0,0,0,0,0,0,0,0,0,0,0,0,0,0
hectáreas,0,0,0,0,0,0,0,0,0,0,0,0,0,0,0,0,0,0,0,0
ofrece,0,0,0,0,0,0,0,0,0,0,0,0,0,0,0,0,0,0,0,0
respiro,0,0,0,0,0,0,0,0,0,0,0,0,0,0,0,0,0,0,0,0
vida,0,0,0,0,0,0,0,0,0,0,0,0,0,0,0,0,1,0,0,1
urbana,0,0,0,0,0,0,0,0,0,0,0,1,0,0,0,0,0,0,1,1
sus,0,0,0,0,0,0,0,0,0,0,1,0,0,0,0,0,0,0,0,0
estanques,0,0,0,0,0,0,0,0,0,0,0,0,0,0,0,0,0,0,0,0
jardines,0,0,0,0,0,0,0,0,0,0,0,0,0,0,0,0,0,0,0,0
cristal,0,0,0,0,0,0,0,0,0,0,0,0,0,0,0,0,0,0,0,0
gran,0,0,0,0,0,0,0,0,0,0,0,0,0,0,0,0,0,0,0,0
vía,0,0,0,0,0,0,0,0,0,0,0,0,0,0,0,0,0,0,0,0
calles,0,0,0,0,0,0,0,0,0,0,0,0,0,0,0,0,0,0,0,0
famosas,0,0,0,0,0,0,0,0,0,0,0,0,0,0,0,0,0,0,0,0
reconocida,0,0,0,0,0,0,0,0,0,0,0,0,0,0,0,0,0,0,0,0
tiendas,0,0,0,0,0,0,0,0,0,0,0,0,0,0,0,0,0,0,0,0
teatros,0,0,0,0,0,0,0,0,0,0,0,0,0,0,0,0,0,0,0,0
arquitectura,0,0,0,0,0,0,0,0,0,1,0,0,0,0,0,0,0,0,0,0
emblemática,0,0,0,0,0,0,0,0,0,0,0,0,0,0,0,0,0,0,0,0
bullicioso,0,0,0,0,0,0,0,0,0,0,0,0,0,0,0,0,0,0,0,0
bulevar,0,0,0,0,0,0,0,0,0,0,0,0,0,0,0,0,0,0,0,0
punto,0,0,0,0,0,0,0,0,0,0,0,0,0,0,0,0,0,0,0,0
encuentro,0,0,0,0,0,0,0,0,0,0,0,0,0,0,0,0,0,0,0,0
turistas,0,0,0,0,0,0,0,0,0,0,0,0,0,0,0,0,0,0,0,0
locales,0,0,0,0,0,0,0,0,0,0,0,0,0,0,0,0,0,0,0,0
igual,0,0,0,0,0,0,0,0,0,0,0,0,0,0,0,0,0,0,0,0
estadio,0,0,0,0,0,0,0,0,0,0,0,0,0,0,0,0,0,0,0,0
santiago,0,0,0,0,0,0,0,0,0,0,0,0,0,0,0,0,0,0,0,0
bernabéu,0,0,0,0,0,0,0,0,0,0,0,0,0,0,0,0,0,0,0,0
clubes,0,0,0,0,0,0,0,0,0,0,1,0,0,0,0,0,0,0,0,0
fútbol,0,0,0,0,0,0,0,0,0,0,1,0,0,0,0,0,0,0,0,0
exitosos,0,0,0,0,0,0,0,0,0,0,0,0,0,0,0,0,0,0,0,0
disputa,0,0,0,0,0,0,0,0,0,0,0,0,0,0,0,0,0,0,0,0
partidos,0,0,0,0,0,0,0,0,0,0,0,0,0,0,0,0,0,0,0,0
meca,0,0,0,0,0,0,0,0,0,0,0,0,0,0,0,0,0,0,0,0
aficionados,0,0,0,0,0,0,0,0,0,0,0,0,0,0,0,0,0,0,0,0
tours,0,0,0,0,0,0,0,0,0,0,0,0,0,0,0,0,0,0,0,0
permiten,0,0,0,0,0,0,0,0,0,0,0,0,0,0,0,0,0,0,0,0
visitantes,0,0,0,0,0,0,0,0,0,0,0,0,0,0,0,0,0,0,0,0
explorar,0,0,0,0,0,0,0,0,0,0,0,0,0,0,0,0,0,0,0,0
río,0,0,0,0,0,0,0,0,0,0,0,0,0,0,0,0,0,0,0,0
lineal,0,0,0,0,0,0,0,0,0,0,0,0,0,0,0,0,0,0,0,0
manzanares,0,0,0,0,0,0,0,0,0,0,0,0,0,0,0,0,0,0,0,0
ejemplo,0,0,0,0,0,0,0,0,0,0,0,0,0,0,0,0,0,0,0,0
perfecto,0,0,0,0,0,0,0,0,0,0,0,0,0,0,0,0,0,0,0,0
cómo,0,0,0,0,0,0,0,0,0,0,0,0,0,0,0,0,0,0,0,0
transformado,0,0,0,0,0,0,0,0,0,0,0,0,0,0,0,0,0,0,0,0
áreas,0,0,0,0,0,0,0,0,0,0,0,0,0,0,0,0,0,0,0,0
industriales,0,0,0,0,0,0,0,0,0,0,0,0,0,0,0,0,0,0,0,0
espacios,0,0,0,0,0,0,0,0,0,0,0,1,0,0,0,0,0,0,0,0
verdes,0,0,0,0,0,0,0,0,0,0,0,0,0,0,0,0,0,0,0,0
vibrantes,0,0,0,0,0,0,0,0,0,0,0,0,0,0,0,0,0,0,0,0
lugar,0,0,0,0,0,0,0,0,0,0,0,0,0,0,0,0,0,0,0,0
popular,0,0,0,0,0,0,0,0,0,0,0,0,0,0,0,0,0,0,0,0
caminar,0,0,0,0,0,0,0,0,0,0,0,0,0,0,0,0,0,0,0,0
andar,0,0,0,0,0,0,0,0,0,0,0,0,0,0,0,0,0,0,0,0
bicicleta,0,0,0,0,0,0,0,0,0,0,0,0,0,0,0,0,0,0,0,0
disfrutar,0,0,0,0,0,0,0,0,0,0,0,0,0,0,0,0,0,0,0,0
actividades,0,0,0,0,0,0,0,0,0,0,0,0,0,0,0,1,0,0,0,0
aire,0,0,0,0,0,0,0,0,0,0,0,0,0,0,0,0,0,0,0,0
libre,0,0,0,0,0,0,0,0,0,0,0,0,0,0,0,0,0,0,0,0
nochevieja,0,0,0,0,0,0,0,0,0,0,0,0,0,0,0,0,0,0,0,0
puerta,0,0,0,0,0,0,0,0,0,0,0,0,0,0,0,0,0,0,0,0
sol,0,0,0,0,0,0,0,0,0,0,0,0,0,0,0,0,0,0,0,0
corazón,0,0,0,0,0,0,0,0,0,0,0,0,0,0,0,0,0,0,0,0
donde,0,0,0,0,0,0,0,0,0,0,0,0,0,0,0,0,0,0,0,0
miles,0,0,0,0,0,0,0,0,0,0,0,0,0,0,0,0,0,0,0,0
personas,0,0,0,0,0,0,0,0,0,0,0,0,0,0,0,0,0,0,0,0
reúnen,0,0,0,0,0,0,0,0,0,0,0,0,0,0,0,0,0,0,0,0
cada,0,0,0,0,0,0,0,0,0,0,0,0,0,0,0,0,0,0,0,0
dar,0,0,0,0,0,0,0,0,0,0,0,0,0,0,0,0,0,0,0,0
bienvenida,0,0,0,0,0,0,0,0,0,0,0,0,0,0,0,0,0,0,0,0
año,0,0,0,0,0,0,0,0,0,0,0,0,0,0,0,0,0,0,0,0
nuevo,0,0,0,0,0,0,0,0,0,0,0,0,0,0,0,0,0,0,0,0
comer,0,0,0,0,0,0,0,0,0,0,0,0,0,0,0,0,0,0,0,0
doce,0,0,0,0,0,0,0,0,0,0,0,0,0,0,0,0,0,0,0,0
uvas,0,0,0,0,0,0,0,0,0,0,0,0,0,0,0,0,0,0,0,0
suerte,0,0,0,0,0,0,0,0,0,0,0,0,0,0,0,0,0,0,0,0
campanadas,0,0,0,0,0,0,0,0,0,0,0,0,0,0,0,0,0,0,0,0
reloj,0,0,0,0,0,0,0,0,0,0,0,0,0,0,0,0,0,0,0,0
tradición,0,0,0,0,0,0,0,0,0,0,0,0,1,0,0,0,0,0,0,0
todos,0,0,0,0,0,0,0,0,0,0,0,0,0,0,0,0,0,0,0,0
deberían,0,0,0,0,0,0,0,0,0,0,0,0,0,0,0,0,0,0,0,0
experimentar,0,0,0,0,0,0,0,0,0,0,0,0,0,0,0,0,0,0,0,0
navidad,0,0,0,0,0,0,1,0,0,0,0,0,0,0,0,0,0,0,0,0
durante,0,0,0,0,0,0,0,0,0,0,0,0,0,0,0,0,0,0,0,0
temporada,0,0,0,0,0,0,0,0,0,0,0,0,0,0,0,0,0,0,0,0
navideña,0,0,0,0,0,0,0,0,0,0,0,0,0,0,0,0,0,0,0,0
transforma,0,0,0,0,0,0,0,0,0,0,0,0,0,0,0,0,0,0,0,0
mercados,0,0,0,0,0,0,0,0,0,0,0,0,0,1,0,0,0,0,0,0
festivos,0,0,0,0,0,0,0,0,0,0,0,0,0,0,0,0,0,0,0,0
luces,0,0,0,0,0,0,0,0,0,0,0,0,0,0,0,0,0,0,0,0
deslumbrantes,0,0,0,0,0,0,0,0,0,0,0,0,0,0,0,0,0,0,0,0
decoraciones,0,0,0,0,0,0,0,0,0,0,0,0,0,0,0,0,0,0,0,0
plaza,0,0,0,0,0,0,0,0,0,0,0,0,0,0,0,0,0,0,0,0
mayor,0,0,0,0,0,0,0,0,0,0,0,0,0,0,0,0,0,0,0,0
convierte,0,0,0,0,0,0,0,0,0,0,0,0,0,0,0,0,0,0,0,0
enorme,0,0,0,0,0,0,0,0,0,0,0,0,0,0,0,0,0,0,0,0
mercado,0,0,0,0,0,0,0,0,0,0,0,0,0,0,0,0,0,0,0,0
navideño,0,0,0,0,0,0,0,0,0,0,0,0,0,0,0,0,0,0,0,0
pueden,0,0,0,0,0,0,0,0,0,0,0,0,0,0,0,0,0,0,0,0
encontrar,0,0,0,0,0,0,0,0,0,0,0,0,0,0,0,0,0,0,0,0
todo,0,0,0,0,0,0,0,0,0,0,0,0,0,0,0,0,0,0,0,0
tipo,0,0,0,0,0,0,0,0,0,0,0,0,0,0,0,0,0,0,0,0
regalos,0,0,0,0,0,0,0,0,0,0,0,0,0,0,0,0,0,0,0,0
delicias,0,0,0,0,0,0,0,0,0,0,0,0,0,0,0,0,0,0,0,0
tradicionales,0,0,0,0,0,0,0,0,0,0,0,0,0,0,0,0,0,0,0,0
westfalenpark,0,0,0,0,0,0,0,0,0,0,0,0,0,0,0,0,0,0,0,0
parques,0,0,0,1,0,0,0,0,0,0,0,0,0,0,0,0,0,0,0,0
urbanos,0,0,0,1,0,0,0,0,0,0,0,0,0,0,0,0,0,0,0,0
grandes,0,0,0,0,0,0,0,0,0,0,0,0,0,0,0,0,0,0,0,0
destacado,0,0,0,0,0,0,0,0,0,0,0,0,0,0,0,0,0,0,0,0
dortmund,0,0,0,0,0,0,0,0,0,0,0,0,0,0,0,0,0,0,0,0
famoso,0,0,0,0,0,0,0,0,0,0,0,0,0,0,0,0,0,0,0,0
rosarium,0,0,0,0,0,0,0,0,0,0,0,0,0,0,0,0,0,0,0,0
colecciones,0,0,0,0,0,0,0,0,0,0,0,0,0,0,0,0,0,0,0,0
extensas,0,0,0,0,0,0,0,0,0,0,0,0,0,0,0,0,0,0,0,0
rosas,0,0,0,0,0,0,0,0,0,0,0,0,0,0,0,0,0,0,0,0
torre,0,0,0,0,0,0,0,0,0,0,0,0,0,0,0,0,0,0,0,0
florian,0,0,0,0,0,0,0,0,0,0,0,0,0,0,0,0,0,0,0,0
vistas,0,0,0,0,0,0,0,0,0,0,0,0,0,0,0,0,0,0,0,0
panorámicas,0,0,0,0,0,0,0,0,0,0,0,0,0,0,0,0,0,0,0,0
situada,0,0,0,0,0,0,0,0,0,0,0,0,0,0,0,0,0,0,0,0
región,0,0,0,0,0,0,0,0,0,0,0,0,0,0,0,0,0,0,0,0
ruhr,0,0,0,0,0,0,0,0,0,0,0,0,0,0,0,0,0,0,0,0
alemania,0,0,0,0,0,0,0,0,0,0,0,0,0,0,0,0,0,0,0,0
originalmente,0,0,0,0,0,0,0,0,0,0,0,0,0,0,0,0,0,0,0,0
pequeña,0,0,0,0,0,0,0,0,0,0,0,0,0,0,0,0,0,0,0,0
villa,0,0,0,0,0,0,0,0,0,0,0,0,0,0,0,0,0,0,0,0
creció,0,0,0,0,0,0,0,0,0,0,0,0,0,0,0,0,0,0,0,0
convertirse,0,0,0,0,0,0,0,0,0,0,0,0,0,0,0,0,0,0,0,0
importante,0,0,0,0,0,0,0,0,0,0,0,0,0,0,0,0,0,0,0,0
industrial,0,0,0,0,0,0,0,0,0,0,0,0,0,0,0,0,0,0,0,0
especialmente,0,0,0,0,0,0,0,0,0,0,0,0,0,0,0,0,0,0,0,0
conocida,0,0,0,0,0,0,0,0,0,0,0,0,0,0,0,0,0,0,0,0
producción,0,0,0,0,0,0,0,0,0,0,0,0,0,0,0,0,0,0,0,0
acero,0,0,0,0,0,0,0,0,0,0,0,0,0,0,0,0,0,0,0,0
cerveza,0,0,0,0,0,0,0,0,0,0,0,0,0,0,0,0,0,0,0,0
visitados,0,0,0,0,0,0,0,0,0,0,0,0,0,0,0,0,0,0,0,0
gigantesco,0,0,0,0,0,0,0,0,0,0,0,0,0,0,0,0,0,0,0,0
árbol,0,0,0,0,0,0,0,0,0,0,0,0,0,0,0,0,0,0,0,0
posiblemente,0,0,0,0,0,0,0,0,0,0,0,0,0,0,0,0,0,0,0,0
alto,0,0,0,0,0,0,0,0,0,0,0,0,0,0,0,0,0,0,0,0
navideños,0,0,0,0,0,0,0,0,0,0,0,0,0,0,0,0,0,0,0,0
país,0,0,0,0,0,0,0,0,0,0,0,0,0,0,0,0,0,0,0,0
puestos,0,0,0,0,0,0,0,0,0,0,0,0,0,0,0,0,0,0,0,0
venden,0,0,0,0,0,0,0,0,0,0,0,0,0,0,0,0,0,0,0,0
artesanías,0,0,0,0,0,0,0,0,0,0,0,0,0,0,0,0,0,0,0,0
alimentos,0,0,0,0,0,0,0,0,0,0,0,0,0,0,0,0,0,0,0,0
bebidas,0,0,0,0,0,0,0,0,0,0,0,0,0,0,0,0,0,0,0,0
evento,0,0,0,0,0,0,0,0,0,0,0,0,0,0,0,0,0,0,0,0
imperdible,0,0,0,0,0,0,0,0,0,0,0,0,0,0,0,0,0,0,0,0
festiva,0,0,0,0,0,0,0,0,0,0,0,0,0,0,0,0,0,0,0,0
reinoldikirche,0,0,0,0,0,0,0,0,0,0,0,0,0,0,0,0,0,0,0,0
iglesia,0,0,0,0,0,0,0,0,0,0,0,0,0,0,0,0,0,0,0,0
san,0,0,0,0,0,0,0,0,0,0,0,0,0,0,0,0,0,0,0,0
reinold,0,0,0,0,0,0,0,0,0,0,0,0,0,0,0,0,0,0,0,0
edificio,0,0,0,0,0,0,0,0,0,0,0,0,0,0,0,0,0,0,0,0
antiguo,0,0,0,0,0,0,0,0,0,0,0,0,0,0,0,0,0,0,0,0
datando,0,0,0,0,0,0,0,0,0,0,0,0,0,0,0,0,0,0,0,0
xiii,0,0,0,0,0,0,0,0,0,0,0,0,0,0,0,0,0,0,0,0
referencia,0,0,0,0,0,0,0,0,0,0,0,0,0,0,0,0,0,0,0,0
histórico,0,0,0,0,0,0,0,0,0,0,0,0,0,0,0,0,0,0,0,0
mirada,0,0,0,0,0,0,0,0,0,0,0,0,0,0,0,0,0,0,0,0
pasado,0,0,0,0,0,0,0,0,0,0,0,0,0,0,0,0,0,0,0,0
medieval,1,0,0,0,0,0,0,0,0,0,0,0,0,0,0,0,0,0,0,0
cervecería,0,0,0,0,0,0,0,0,0,0,0,0,0,0,0,0,0,0,0,0
larga,0,0,0,0,0,0,0,0,0,0,0,0,0,0,0,0,0,0,0,0
cervecera,0,0,0,0,0,0,0,0,0,0,0,0,1,0,0,0,0,0,0,0
visita,0,0,0,0,0,0,0,0,0,0,0,0,0,0,0,0,0,0,0,0
muchas,0,0,0,0,0,0,0,0,0,0,0,0,0,0,0,0,0,0,0,0
cervecerías,0,0,0,0,0,0,0,0,0,0,0,0,0,0,0,0,0,0,0,0
parada,0,0,0,0,0,0,0,0,0,0,0,0,0,0,0,0,0,0,0,0
obligatoria,0,0,0,0,0,0,0,0,0,0,0,0,0,0,0,0,0,0,0,0
ofrecen,0,0,0,0,0,0,0,0,0,0,0,0,0,0,0,0,0,0,0,0
incluyen,0,0,0,0,0,0,0,0,0,0,0,0,0,0,0,0,0,0,0,0
degustaciones,0,0,0,0,0,0,0,0,0,0,0,0,0,0,0,0,0,0,0,0
cervezas,0,0,0,0,0,0,0,0,0,0,0,0,0,0,0,0,0,0,0,0
dortmunder,0,0,0,0,0,0,0,0,0,0,0,0,0,0,0,0,0,0,0,0
export,0,0,0,0,0,0,0,0,0,0,0,0,0,0,0,0,0,0,0,0
lager,0,0,0,0,0,0,0,0,0,0,0,0,0,0,0,0,0,0,0,0
orgullo,0,0,0,0,0,0,0,0,0,0,0,0,0,0,0,0,0,0,0,0
alemán,0,0,0,0,0,0,0,0,0,0,0,0,0,0,0,0,0,0,0,0
inaugurado,0,0,0,0,0,0,0,0,0,0,0,0,0,0,0,0,0,0,0,0
experiencia,0,0,0,0,0,0,0,0,0,0,0,0,0,0,0,0,0,0,0,0
interactiva,0,0,0,0,0,0,0,0,0,0,0,0,0,0,0,0,0,0,0,0
celebra,0,0,0,0,0,0,0,0,0,0,0,0,0,0,0,0,0,0,0,0
ubicado,0,0,0,0,0,0,0,0,0,0,0,0,0,0,0,0,0,0,0,0
atrae,0,0,0,0,0,0,0,0,0,0,0,0,0,0,0,0,0,0,0,0
destaca,0,0,0,0,0,0,0,0,0,0,0,0,0,0,0,0,0,0,0,0
exposiciones,0,0,0,0,0,0,0,0,0,0,0,0,0,0,0,0,0,0,0,0
cuentan,0,0,0,0,0,0,0,0,0,0,0,0,0,0,0,0,0,0,0,0
primeros,0,0,0,0,0,0,0,0,0,0,0,0,0,0,0,0,0,0,0,0
días,0,0,0,0,0,0,0,0,0,0,0,0,0,0,0,0,0,0,0,0
deporte,0,0,0,0,0,0,0,0,0,0,0,0,0,0,0,0,0,0,0,0
triunfos,0,0,0,0,0,0,0,0,0,0,0,0,0,0,0,0,0,0,0,0
copas,0,0,0,0,0,0,0,0,0,0,0,0,0,0,0,0,0,0,0,0
segunda,0,0,0,0,0,0,0,0,1,0,0,0,0,0,0,0,0,0,0,0
guerra,0,0,0,0,0,0,0,0,1,0,0,0,0,0,0,0,0,0,0,0
mundial,0,0,0,0,0,0,0,0,1,0,0,0,0,0,0,0,0,0,0,0
objetivo,0,0,0,0,0,0,0,0,0,0,0,0,0,0,0,0,0,0,0,0
significativo,0,0,0,0,0,0,0,0,0,0,0,0,0,0,0,0,0,0,0,0
bombardeos,0,0,0,0,0,0,0,0,0,0,0,0,0,0,0,0,0,0,0,0
debido,0,0,0,0,0,0,0,0,0,0,0,0,0,0,0,0,0,0,0,0
industria,0,0,0,0,0,0,0,0,0,0,0,0,0,0,0,0,0,0,0,0
pesada,0,0,0,0,0,0,0,0,0,0,0,0,0,0,0,0,0,0,0,0
hoy,0,0,0,0,0,0,0,0,0,0,0,0,0,0,0,0,0,0,0,0
día,0,0,0,0,0,0,0,0,0,0,0,0,0,0,0,0,0,0,0,0
varios,0,0,0,0,0,0,0,0,0,0,0,0,0,0,0,0,0,0,0,0
monumentos,0,0,0,0,0,0,0,0,0,0,0,0,0,0,0,0,0,0,0,0
reflexiones,0,0,0,0,0,0,0,0,0,0,0,0,0,0,0,0,0,0,0,0
sobre,0,0,0,0,0,0,0,0,0,0,0,0,0,0,0,0,0,0,0,0
período,0,0,0,0,0,0,0,0,0,0,0,0,0,0,0,0,0,0,0,0
efectos,0,0,0,0,0,0,0,0,1,0,0,0,0,0,0,0,0,0,0,0
borussia,0,0,0,0,0,0,0,0,0,0,0,0,0,0,0,0,0,0,0,0
signal,0,0,0,0,0,0,0,0,0,0,0,0,0,0,0,0,0,0,0,0
iduna,0,0,0,0,0,0,0,0,0,0,0,0,0,0,0,0,0,0,0,0
park,0,0,0,0,0,0,0,0,0,0,0,0,0,0,0,0,0,0,0,0
populares,0,0,0,0,0,0,0,0,0,0,0,0,0,0,0,0,0,0,0,0
equipo,0,0,0,0,0,0,0,0,0,0,0,0,0,0,0,0,0,0,0,0
juega,0,0,0,0,0,0,0,0,0,0,0,0,0,0,0,0,0,0,0,0
casa,0,0,0,0,0,0,0,0,0,0,0,0,0,0,0,0,0,0,0,0
conocido,0,0,0,0,0,0,0,0,0,0,0,0,0,0,0,0,0,0,0,0
increíble,0,0,0,0,0,0,0,0,0,0,0,0,0,0,0,0,0,0,0,0
atmósfera,0,0,0,0,0,0,0,0,0,0,0,0,0,0,0,0,0,0,0,0
muro,0,0,0,0,0,0,0,0,0,0,0,0,0,0,0,0,0,0,0,0
amarillo,0,0,0,0,0,0,0,0,0,0,0,0,0,0,0,0,0,0,0,0
tribuna,0,0,0,0,0,0,0,0,0,0,0,0,0,0,0,0,0,0,0,0
sur,0,0,0,0,0,0,0,0,0,0,0,0,0,0,0,0,0,0,0,0
apasionados,0,0,0,0,0,0,0,0,0,0,0,0,0,0,0,0,0,0,0,0
utower,0,0,0,0,0,0,0,0,0,0,0,0,0,0,0,0,0,0,0,0
creatividad,0,0,0,0,0,0,0,0,0,0,0,0,0,0,1,0,0,0,0,0
antigua,0,0,0,0,0,0,0,0,0,0,0,0,0,0,0,0,0,0,0,0
reconvertida,0,0,0,0,0,0,0,0,0,0,0,0,0,0,0,0,0,0,0,0
dinámico,0,0,0,0,0,0,0,0,0,0,0,0,0,0,0,0,0,0,0,0
ostwall,0,0,0,0,0,0,0,0,0,0,0,0,0,0,0,0,0,0,0,0
estudios,0,0,0,0,0,0,0,0,0,0,0,0,0,0,0,0,0,0,0,0
artistas,0,0,0,0,0,0,0,0,0,0,0,0,0,0,0,0,0,0,0,0
símbolo,0,0,0,0,0,0,0,0,0,0,0,0,0,0,0,0,0,0,0,0
transformación,0,0,0,0,0,0,0,0,0,0,0,1,0,0,0,0,0,0,0,0
zoológico,0,0,0,0,0,0,0,0,0,0,0,0,0,0,0,0,0,0,0,0
excelente,0,0,0,0,0,0,0,0,0,0,0,0,0,0,0,0,0,0,0,0
familias,0,0,0,0,0,0,0,0,0,0,0,0,0,0,0,0,0,0,0,0
naturaleza,0,0,0,0,0,0,0,0,0,0,0,0,0,0,0,0,1,0,0,0
animales,0,0,0,0,0,0,0,0,0,0,0,0,0,0,0,0,0,0,0,0
enfoque,0,0,0,0,0,0,0,0,0,0,0,0,0,0,0,0,0,0,0,0
especial,0,0,0,0,0,0,0,0,0,0,0,0,0,0,0,0,0,0,0,0
conservación,0,0,0,0,0,0,0,0,0,0,0,0,0,0,0,0,1,0,0,0
especies,0,0,0,0,0,0,0,0,0,0,0,0,0,0,0,0,0,0,0,0
amenazadas,0,0,0,0,0,0,0,0,0,0,0,0,0,0,0,0,0,0,0,0
proporciona,0,0,0,0,0,0,0,0,0,0,0,0,0,0,0,0,0,0,0,0
educativa,0,0,0,0,0,0,0,0,0,0,0,0,0,0,0,0,0,0,0,0
entretenida,0,0,0,0,0,0,0,0,0,0,0,0,0,0,0,0,0,0,0,0
